{"fold1":{"svm_linear":0.028109029,"svm_rbf":0.0110732538,"rf":0.0204429302,"knn1":0.0102214651,"knn5":0.0119250426,"knn10":0.0144804089},"fold2":{"svm_linear":0.0340715503,"svm_rbf":0.0127768313,"rf":0.0229982964,"knn1":0.0144804089,"knn5":0.0195911414,"knn10":0.0204429302},"fold3":{"svm_linear":0.0332197615,"svm_rbf":0.0102214651,"rf":0.0136286201,"knn1":0.0093696763,"knn5":0.0102214651,"knn10":0.0093696763},"fold4":{"svm_linear":0.0221465077,"svm_rbf":0.0042589438,"rf":0.0136286201,"knn1":0.0076660988,"knn5":0.0102214651,"knn10":0.0119250426},"fold5":{"svm_linear":0.0264054514,"svm_rbf":0.0085178876,"rf":0.0153321976,"knn1":0.0093696763,"knn5":0.0144804089,"knn10":0.0161839864},"mean":{"svm_linear":0.02879046,"svm_rbf":0.0093696763,"rf":0.0172061329,"knn1":0.0102214651,"knn5":0.0132879046,"knn10":0.0144804089}}